,,
2020 Legal,@2020legal.co.uk,
3volution,@3volution.co.uk,
Abbey Solicitors,@abbeysolicitors.co.uk,
Actons,@actons.co.uk,
Acumension,@acumension.com,
Adams Harrison,@adams-harrison.co.uk,
Adelphi Sports Law,@adelphilegal.co.uk,
Admiral Law ,@admirallaw.co.uk ,
Alexander Whyatt,@alexanderwhyatt.com,
Almond,@almondsolicitors.co.uk,
AMD Solicitors ,@amdsolicitors.com,
Andrew Jackson & Co,@andrewjackson.law,
Anthony Collins,@anthonycollins.com,
Ashtons Legal ,@ashtonkcj.co.uk,
Athena Law,@athlaw.co.uk,
Austin Moore & Partners,@austinmoore-law.com,
Aventus Law,@aventus-law.com,
Azmi Rana,@stanleyhousesolicitors.co.uk,
Bank Solicitors,@banksol.co.uk,
Banner Jones,@bannerjones.co.uk,
Barcan+Kirby,@barcankirby.co.uk,
Barr Ellison,@barrellison.co.uk,
Bartons Solicitors,@bartons.co.uk,
Barwells Legal,@barwells.com,
Battrick Clark,@battrickclark.co.uk,
Beaumont Legal,@beaumont-legal.co.uk,
Beers LLP,@beersllp.com,
Bell & Buxton,@bellbuxton.co.uk,
Bell Lamb & Joynson,@bljsolicitors.co.uk,
Ben Hoare Bell,@benhoarebell.co.uk,
Bennett Griffin,@bennett-griffin.co.uk,
berg,@berg.co.uk,
Berkson Globe,@berksonglobe.com,
Bermans,@bermans.co.uk,
Berry Smith,@berrysmith.com,
Bhatia Best,@bhatiabest.co.uk,
Birchall Blackburn Law,@birchallblackburn.co.uk,
Bird & Co,@bird-co.com,
Bird Wilford & Sale,@bwslaw.co.uk,@birdwilfordsale.co.uk
Birds & Daniels,@BirdandDaniels.com,
Biscoes,@biscoes-law.co.uk,
Blackmans,@blackhams.com,
Bobby Dhanjal Legal,@bd-ls.co.uk,
Bonallack & Bishop,@bishopslaw.com,
Bond Adams,@bondadams.com,
Bott & Co,@bottonline.co.uk,
Bramsdon & Childs,@bramsdonandchilds.com,
Bray & Bray,@braybray.co.uk,
Brearleys,@brearleyssolicitors.com,
Brendan Fleming,@brendanfleming.co.uk,
Brewer Harding & Rowe,@bhrlaw.co.uk,
Bright Solicitors ,@brightllp.co.uk,
Bromets Jackson Heath,@bromets.com,
Brown Turner Ross,@brownturnerross.com,
Brunskill,@brunskill.co.uk,
Burd Ward,@burdward.co.uk,
Burn & Company,@burn-company.co.uk,
Bury & Walkers,@burywalkers.com,
Butcher and Barlow,@butcher-barlow.co.uk,
C W Harwood,@cwharwood.co.uk,
Cape Hill,@capehillsolicitors.co.uk,
Carpenters Ltd,@carpenters-law.co.uk,
Carter Moore,@cmsolicitors.co.uk,
Cartridges Law,@cartridgeslaw.co.uk,
Chadwick Lawrence,@chadlaw.co.uk,
Chamberlain Martin Solicitors ,@chamberlainmartin.com,
Chapman Dhillon,@cdslegal.co.uk,
Chivers Solicitors,@chiverssolicitors.co.uk,
Churchers,@cbwsolicitors.co.uk,
Clements & Co Solicitors,@clementsandco.org.uk,
Cocks Lloyd,@cockslloyd.co.uk ,
Coffin Mew,@coffinmew.co.uk,
Cohen Cramer,@cohencramer.co.uk,
Coley & Tilley,@coleyandtilley.co.uk,
Colin Jones Clarke & Hartland,@cjch.co.uk,
Continuum Corporate Lawyers,@continuumlawyers.com,
Coole Bevis,@coolebevisllp.com,
Cooper Sons Hartley & Williams,@cshw.co.uk,
Cotterhill Hitchman,@cotterhillhitchman.co.uk,
Counterculture Partnership,@counterculturellp.com ,
Coupe Bradbury,@coupe-bradbury.com,
Crane and Walton,@craneandwalton.co.uk,
Croftons,@croftons.co.uk,
Curzon Green Solictors ,@curzongreen.co.uk,
Daniel Woodman & Co ,@danielwoodman.co.uk,
Darwin Gray,@darwingray.com,
Das Law,@daslaw.co.uk,
David Bunn & Co,@david-bunn.com,
David W Harris & Co,@dwharris.co.uk,
Davies and Partners,@daviesandpartners.com,
Davis Blank Furniss,@dbf-law.co.uk,
Davisons,@qsdavisons.com,
Dawson Hart,@dawson-hart.co.uk,
DC Employment Solicitors,@dcemployment.co.uk,
Dean Wilson,@deanwilson.co.uk,
Devonalds Solicitors ,@devonalds.co.uk,
Dickinson Parker Hill,@dphlaw.co.uk,
drydensfairfax,@drydensfairfax.com,
DTM Legal,@dtmlegal.com,
Douglas-Jones Mercer ,@djm.law.co.uk,
Dutton Gregory,@duttongregory.co.uk,
EAD Solicitors,@eadsolicitors.co.uk,
Edmondson Hall,@edmondsonhall.com,
Edward Hands & Lewis,@ehlsolicitors.co.uk,
Edward Harte,@edward-harte.co.uk,
EHL Commercial Law ,@ehlcommercial.co.uk,
Elliot Mather,@elliotmather.co.uk,
Ellis Jones,@ellisjones.co.uk,
Ellis-Fermor & Negus,@ellis-fermor.co.uk,
Emerald Law,@emeraldlaw.co.uk,
Emmersons Solicitors,@emmersons-solicitors.co.uk,
Emms Gilmore Liberson,@egl-law.com,
Emsleys Solicitors,@emsleys.co.uk,
Eric Robinson Solicitors,@ericrobinson.co.uk,
Everys,@everys.co.uk,
Express Solicitors,@expresssolicitors.co.uk,
Farleys,@farleys.com,
Fidler & pepper,@fidler.co.uk,
Fiona Bruce & Co,@fionabruce.co.uk,
Fletchers,@fs.co.uk,
Footner & Ewing,@footner-ewing.co.uk,
Ford Simey,@fordsimey.co.uk,
Fraser Brown,@fraserbrown.com,
Freeman Fisher,@freemanfisher.com,
French & Company,@frenchandco.co.uk,
Frisby & Small,@frisbysmall.co.uk,
Frodshams,@fdrlaw.co.uk,
FrontRow Legal,@frontrowlegal.com,
Fursdon Knapper,@fklaw.co.uk,
Gard & Co ,@gardandco.com,
Gavin Edmondson,@gesols.co.uk,
Genus Law,@genuslaw.com,
Geoffrey Miller,@motoroffence.co.uk ,
Gilbert Stephens,@gilbertstephens.co.uk,
Gill Akaster,@GAsolicitors.com,
Glamorgan Law,@glamorganlaw.co.uk ,
Glanvilles,@glanvilles.co.uk,
GLP,@glplaw.com,
GoodLaw Solicitors,@goodlawsolicitors.co.uk,
Goodman Grant,@goodmangrant.co.uk,
Gordon Brown Law Firm,@gblf.co.uk,
Gorvins,@gorvins.com,
Gowing Law,@gowinglaw.co.uk,
Graham Coffey & Co,@gcoffey.co.uk,
Greenhaigh Kerr,@greenhalghkerr.com,
Greens Solicitors,@GreensSolicitors.com,
Gregg Latchams,@gregglatchams.com,
Gregory Abrams Davidson,@gadllp.co.uk,
Greyfriars Solicitors ,@greyfriarssolicitors.co.uk,
Grove Tompkins Bosworth,@gtb-solicitors.com,
Guy Williams Layton,@gwl.co.uk,
Hallmark,@hallmarksolicitors.net,
Hampson Hughes,@hh-law.co.uk,
HardingEvans,@hevans.com,
Mounteney Legal Services,@mounteney.com,
Harper James,@hjsolicitors.co.uk,
Harrison Clark Rickerbys,@hcrlaw.com,
Hart Reade,@hartreade.co.uk,
HartLaw,@hartlaw.co.uk,
Hartley & Worstenholme,@hartley-worstenholme.co.uk,
Hartnell Chanot & Partners,@thefamilylawco.com,
Hawley and Rodgers,@hawleyandrodgers.com,
Hay & Kilner,@hay-kilner.co.uk,
HCB,@hcbgroup.com,
Heaney Watson,@heaneywatson.com,
Helix Law ,@helix-law.com ,
Hellewell Pasley & Brewer,@hpandb.co.uk,
Henriques Griffiths,@henriquesgriffiths.com,
Henry Hyams,@henryhyams.com,
Hensby Law,@hensbylaw.co.uk,
Heringtons,@heringtons.net,
Hewistons,@hewitsons.com,
Hewitts ,@hewitts.co.uk,
Hewlett Swanson,@hewlettswanson.com,
Higgins Miller,@higginsmiller.co.uk,
High Cross Law ,@highcrosslaw.co.uk,
Hilary Meredith,@hmsolicitors.co.uk,
HLW Keeble Hawson,@hlwkeeblehawson.co.uk,
Holmes & Hills,@holmes-hills.co.uk,
Hopkins,@hopkins-solicitors.co.uk,
Horwich Cohen Coghlan,@hccsolicitors.com,
Howells,@howellsllp.com,
Howells Legal,@howellslegal.com,
Howlett Clarke,@howlettclarke.co.uk,
HRS Family Law,@hrsfamilylawsolicitiors.com,
Hutton's,@huttons-solicitors.co.uk,
IMD Solicitors,@imd.co.uk,
Ironmonger Curtis,@ironmongercurtis.com,
Irvings,@irvingslaw.com,
JC&A,@jcasolicitors.co.uk,
Jackson Canter,@jacksoncanter.co.uk,
James Murray,@jamesmurraylaw.com,
Jasper Vincent,@jaspervincent.com,
Jeary & Lewis,@jeary-lewis.co.uk,
Jefferies,@jefferieslaw.co.uk,
Jennings Perks,@jenningsperks.co.uk,
J M Wilson,@jmwilsonsolicitors.com,
JMP,@jmp-solicitors.com,
JNP Legal ,@jnplegal.org,
John Black,@jbs-law.co.uk,
John Hodge Solicitors,@johnhodge.co.uk,
John Howe and Co,@jhowe.co.uk,
Jordans Corporate Law ,@jordanscorporatelaw.com,
Josiah Hincks,@josiahhincks.co.uk,
JWP Solicitors,@jwpsolicitors.co.uk,
Kaizen Law,@kaizenlaw.co.uk,
Keaney Whitehead Partnership,@kwpsolicitors.com,
Kenneth Jones,@kennethjones.co.uk,
Kher,@khersolicitors.co.uk,
Kingswood,@kingswood.co.uk,
Kirkland & Lane,@kirklandlane.com,@kirklandlaneproperty.com
Kirwans,@kirwans.co.uk,
Knight Polson,@qualitysolicitors.com,
Knights Law,@knights-law.co.uk,
Knights Professional Services,@knights1759.co.uk,
Pabla and Pabla,@pablasolicitors.co.uk,
Kuits,@kuits.com,
Keaney Whitehead Partnership,@kwpsolicitors.com,
Lambert Taylor & Gregory ,@lambert-taylor-gregory.co.uk ,
Larcomes ,@larcomes.co.uk,
Larken & Co,@larken.co.uk,
Latham & Co,@lathamlawyers.co.uk,
Lawdit,@lawdit.co.uk,
Lawson West,@lawson-west.co.uk,
Laytons,@laytons.com,
LHS,@lhs-solicitors.com,
Linnitts,@linnitts.co.uk,
Liver Law,@liverlaw.co.uk,
Longden Walker and Renney ,@longdens.co.uk,
Lyons Bowe Solicitors,@lyonsbowe.co.uk,
Lyons Davidson,@lyonsdavidson.co.uk,
M&S Solicitors ,@mslaw.co.uk,
MacDonald Oates,@macdonaldoates.co.uk,
MAJ Law,@majlaw.co.uk,
Makin Dixon,@makindixon.co.uk,
Malcolm C Foy & Co,@malcolmcfoy.co.uk,
Malik Legal,@maliklegal.co.uk,
Mander Cruickshank,@mandersol.co.uk,
Mark Jones and Partners,@mjpsolicitors.co.uk,
Mark Reynolds,@markreynoldssolicitors.co.uk,
Mark Swatts Morse,@markswattsmorse.co.uk,
Martin Cray & Co,@martincray.co.uk,
Martin Searle,@ms-solicitors.co.uk,
Mayo Wynne Baxter ,@mayowynnebaxter.co.uk,
mb LAW,@mb-law.co.uk,
McCarthy Bennett Holland,@wigansolicitors.com,
McHale & Co,@mchaleandco.co.uk,
Mercury Legal ,@mercurylegal.co.uk,
Metamorph Law,@metamorphlaw.co.uk,
Metcalfes,@metcalfes.co.uk,
Metis Law,@metislaw.com,
Michael Lewin,@michaellewin.co.uk,
Michael W Halsall,@halsalls.com,
Milners Law,@milnerslaw.com,
Mincoffs,@mincoffs.co.uk,
Minster Law,@minsterlaw.co.uk,
Mitchell Wilde,@mitchellwilde.com,
MLP Law,@mlplaw.co.uk,
Moosa Duke,@moosaduke.com,
Morecrofts,@morecrofts.co.uk,
Morgan Kelly,@morgan-kelly.co.uk,
Morgers Drewett,@md-solicitors.co.uk,
Morrish,@morrishsolicitors.com,
Mortons,@mortons-solicitors.com,
Mowbray Woodwards,@mowbraywoodwards.co.uk,
MPG Legal,@mpglegal.com,
MSB,@msbsolicitors.co.uk,
Muckle,@muckle-llp.com,
Murria,@murria.co.uk,
Nash & Co,@nash.co.uk,
Neil Hudgell,@hudgellsolicitors.co.uk,
Newhall,@newhallsolicitors.com,
NewLaw Legal ,@new-law.co.uk,
Newstead & Walker,@newsteadwalker.co.uk,
Nexus Law,@nexussolicitors.co.uk,
Nhlex,@novumlaw.com,
Norrie Waite & Slater,@norrie-waite.com,
Northone,@northonesolicitors.co.uk,
Now Legal,@now-legal.com,
ODT Solicitors,@odt.co.uk,
Oliver & Co,@oliverandco.co.uk,
O'Neill Patient ,@oneillpatient.co.uk,
Optima Legal,@optimalegal.co.uk,
Oxley & Coward,@oxcow.co.uk,
Palmer Biggs,@pbip.com,
Pannone,@pannone.co.uk,
Parnalls,@parnalls.com,
Paul Crowley,@paulcrowley.co.uk,
Paul Dodds Law,@pauldodds.co.uk,
Peter Lynn & Partners,@plandp.co.uk,
Peter Millican Law,@petermillicanlaw.co.uk ,
Petherbridge Bassra,@petherbridgebassra.com,
Pett Franklin & Co,@pettfranklin.com,
Platt Halpern,@platthalpern.com,
PLS,@pls-solicitors.co.uk,
PM Law,@pm-law.co.uk,
Potter Owtram & Peck,@potterowtram.co.uk,
Powells Law,@powellslaw.com,
Price Slater Gawne,@psg-law.co.uk,
Purnells,@purnellssolicitors.co.uk,
David Roberts & Co,@davidroberts.co.uk,
Quinn Melville Barrow,@quinn-barrow.co.uk,
Ralli,@ralli.co.uk,
Ramsdens,@ramsdens.co.uk,
RDH,@rdhsolicitors.co.uk,
Read Roper and Read,@readroper.co.uk,
Richard Reed,@richardreed.co.uk,
Ringrose Law,@ringroselaw.co.uk,
Riverview Law,@riverviewlaw.com,
RMNJ,@rmnj.co.uk,
Robert Barber & Sons,@robertbarber.co.uk,
Rose & Rose,@roselegal.co.uk,
Rowlinsons,@rowlinsons.co.uk,
Royds Withy King,@roydswithyking.com,
Rubin Lewis O'Brien,@rlo.law,
Rudlings Wakelam,@rudlings-wakelam.co.uk,
Rupert Bear Murray Davies,@rbmdlaw.com,
Russell & Russell,@russellrussell.co.uk,
Russell Worth,@russellworth.co.uk,
Sakhi Legal Services,@sakhisolicitors.com,
Salehs,@salehs.co.uk,
Samuels Law,@samuelslaw.co.uk,
Savas and Savage,@savasandsavage.co.uk,
Scutt Beaumont,@sbs-solicitors.co.uk,
Shacklocks,@shacklocks.co.uk,
Sherwood,@sherwood-solicitors.co.uk,
Shulmans,@shulmans.co.uk,
Sinclairs Law ,@sinclairslaw.co.uk ,
Sintons,@sintons.co.uk,
Smith Partnership,@smithpartnership.co.uk,
Square One Law,@squareonelaw.com,
Star Legal,@star-legal.co.uk,
Stephen Rimmer,@stephenrimmer.com,
Stephens Scown,@stephens-scown.co.uk,
Stephensons,@stephensons.co.uk,
Sutton & Co,@suttonsolicitors.com,
Swain and Co,@swainandco.com,
Sweeney Miller,@sweeneymiller.co.uk,
Swinburne Maddison,@swinburnemaddison.co.uk,
Talbot Walker,@talbotwalker.co.uk,
TalbotsLaw,@talbotslaw.co.uk,
Tallents,@tallents.co.uk,
Taylor&Emmet,@tayloremmet.co.uk,
The Community Law Partnership,@communitylawpartnership.co.uk,
The Johnson Partnership,@thejohnsonpartnership.co.uk,
The Waring Partnership,@the-waring-partnership.com,
The Wilkes Partnership,@wilkes.co.uk,
Thomas Horton,@thomashorton.co.uk,
Thomas Webb & Corfield,@twclaw.co.uk,
Tierney & Co,@tierneyandco.co.uk,
Tozers Solicitors,@tozers.co.uk,
Travlaw,@Travlaw.co.uk,
Turner Parkinson,@tp.co.uk,
Tyndallwoods,@tyndallwoods.co.uk,
Veitch Penny,@vplaw.co.uk,
Vesey,@veseysolicitors.com,
VHS Fletchers,@vhsfletchers.co.uk,
Virtuoso Legal,@virtuosolegal.com,
VSH Law ,@vshlaw.co.uk,
Wadsworth,@wadsworthslaw.co.uk,
Wake Smith,@wake-smith.com,
Waldrons,@waldrons.co.uk,
Wallace Robinson & Morgan,@wallacerobinson.co.uk,
Wannops,@wannops.com,
Ward Gethin Archer ,@wardgethinarcher.co.uk,
Wards Solicitors,@wards.uk.com,
Warner Goodman,@warnergoodman.co.uk,
Watson Burton,@watsonburton.com,
Whitfields,@whitfieldssolicitors.com,
Widdows Pilling,@widdows-pilling.co.uk,
Wilkinson Woodward Ltd,@wilkinsonwoodward.co.uk,
Wilks Price Hounslow,@wphiow.co.uk,
William Graham Law ,@wglawltd.co.uk,
Williams & Co,@williamscleck.co.uk,
Wolferstans,@wolferstans.com,
Wollen Michelmore,@wollenmichelmore.co.uk,
Wornham & Co,@wornham.co.uk,
Wosskow Brown,@wosskowbrown.co.uk,
WTB ,@wtbsolicitors.com,
