Agriculture & Estates,1
Arbitration,1
Aviation Finance,1
Aviation Litigation,1
Banking & Finance,1
Banking Litigation,1
Capital Markets (Debt),1
Capital Markets (Equity),1
Case work,1
Charities,1
Claims Processor,1
Clinical Negligence,1
Commercial Litigation,1
Commercial Property,1
Commercial,1
Competition/Antitrust,1
Compliance,1
Construction Litigation,1
Construction,1
Conveyancing,1
Corporate Tax,1
Corporate,1
Court of Protection,1
Crime,1
Data Protection,1
Debt Recovery,1
Defamation & Privacy,1
Derivatives,1
eDiscovery,1
Education,1
Employment (Employee),1
Employment (Employer),1
Energy,1
Environment,1
EU & Competition,1
Family,1
Financial Services,1
Funds,1
Gaming & Betting,1
Health & Safety,1
Healthcare,1
Human Rights,1
Immigration (Corporate),1
Immigration,1
Insolvency,1
Insurance,1
Intellectual Property,1
International Arbitration,1
Islamic Finance,1
IT & Telecoms,1
Licensing,1
Litigation,1
Medical Negligence,1
Partnership,1
Pensions & Benefits,1
Personal Injury,1
Planning,1
Private Client (Tax & Trusts),1
Private Client (Wills & Probate),1
Private Equity,1
Product Liability,1
Professional Negligence,1
Professional Risk,1
Projects & Infrastructure,1
Property Finance,1
Property Litigation,1
Public International Law,1
Public Law/Public Sector,1
Public Sector,1
Rail,1
Regulatory,1
Reinsurance,1
Residential Property,1
Restructuring,1
Securitisation,1
Ship Finance,1
Shipping Litigation,1
Social Housing,1
Sport,1
Structured Products,1
Tax Litigation,1
Technology & Media,1
Trade Finance,1
Travel and Tourism,1
VAT & Indirect Tax,1
White-Collar Crime/Fraud,1
In-House,1
Private Practice(any),1
Accounts,0
Acquisition Finance,0
Administration,0
Administrative & Public Law,0
Agriculture & Estates,0
Analyst,0
Art & Cultural Property,0
Asia,0
Assessor,0
Asset Finance,0
Asylum ,0
Aviation,0
Bank Lending,0
Banking,0
Banking Litigation,0
Barrister Clerk,0
Best Capital Markets,0
Brand Management,0
Business Affairs,0
Business Development,0
Case Bundles,0
Case Handler,0
Charities,0
Child Care,0
Civil Liberties & Human Rights,0
Claims,0
Clerk,0
Clinical Negligence: Claimant,0
Clinical Negligence: Defendant,0
Commercial,0
Commercial Lease,0
Commercial Litigation,0
Commercial Property,0
Commodities (Derivatives),0
Commodities (Physicals),0
Company Secretarial,0
Company Secretary,0
Competition Litigation,0
Compliance,0
Construction,0
Consumer,0
Contentious Trust & Probate,0
Contracts,0
Conveyancer,0
Corporate,0
Corporate Crime,0
Corporate Restructuring & Insolvency,0
Corporate Tax,0
Costs,0
Costs Drafting,0
Court of Protection,0
Crime: General,0
Data Entry,0
Data Protection,0
Debt Recovery,0
Defamation & Privacy,0
Derivatives & Structured Products,0
Digital,0
Document review,0
Document Review,0
Due Diligence,0
Education: Individuals,0
Education: Institutions,0
Education: Schools,0
Electoral,0
Employee Share Schemes,0
Employment: Employees/Unions,0
Employment: Employers & Senior Executives,0
Environment,0
Equity Capital Markets,0
EU,0
EU & Competition,0
Family,0
Family: Mediation,0
Financial Services,0
Franchising,0
Fraud: Civil,0
Fraud: White-Collar Crime,0
Gaming & Betting,0
Health & Safety,0
Healthcare,0
Hedge Fund,0
Human Resources,0
IAAS,0
Immigration,0
Infrastructure (including PFI & PPP),0
Infrastructure (Parliamentary),0
In-House Counsel,0
Insurance & Reinsurance Litigation,0
Insurance Litigation: Policyholders,0
Insurance: Corporate & Regulatory,0
Insurance: Insolvency & Restructuring,0
Intellectual Property,0
International,0
International Arbitration,0
Investment Funds,0
Islamic Finance,0
IT & Telecoms,0
Knowledge Management,0
Landlord and Tenant,0
Legal Analyst,0
Legal Assistant,0
Legal Cashier,0
Legal Claims,0
Legal Executive,0
Legal Finance,0
Legal IT,0
Legal PA,0
Legal Secretary,0
Legal Support,0
LexisNexis,0
Licensing,0
Litigation,0
Litigator,0
Local Government,0
Magic Circle,0
Management,0
Management,0
Marketing,0
Media & Entertainment,0
Media Finance,0
Mental Health,0
Mergers & Acquisitions,0
Microsoft Office,0
Mining & Minerals,0
Minute Taking,0
Negligence,0
Non-Disclosure Agreements,0
Office Administrator,0
Office Assistant,0
Oil & Gas,0
Operations,0
Partnership,0
Patent/Trademark,0
Personal Injury,0
Personal Injury: Claimant,0
Personal Injury: Defendant,0
"Personal Tax, Trust & Probate",0
Pharmaceuticals & Biotechnology,0
Planning,0
Police station qualified,0
Police station representation,0
Power,0
Practice Manager,0
Private Equity,0
Product Liability: Claimant,0
Product Liability: Defendant,0
Professional Indemnity,0
Professional Negligence,0
Project Management,0
Project Management,0
Property,0
Property Finance,0
Property Litigation,0
Public Affairs,0
Public International Law,0
Public Sector,0
Rail,0
Real Estate,0
Right to Buy,0
Risk,0
Secretarial Manager,0
Securitisation,0
Shipping,0
Silver Circle,0
Social Care,0
Social Housing: Finance,0
Social Housing: Local Authorities & Registered Providers,0
Social Housing: Tenant,0
Software,0
Sport,0
Tax Litigation,0
Team Manager,0
Trade Finance,0
Trade Mark,0
Trademark,0
Trainee,0
Training,0
Travel,0
US,0
VAT & Indirect Tax,0
Venture Capital,0
Water,0
White Shoe,0
Wills & Probate,0
